{"cameraMode":{"drawMode":0,"name":"Shaded","section":"Shading Mode"},"sceneLighting":false,"audioPlay":false,"sceneViewState":{"showFog":true,"showMaterialUpdate":false,"showSkybox":false,"showFlares":true,"showImageEffects":true,"showParticleSystems":true},"in2DMode":false,"pivot":{"x":-0.9382429122924805,"y":4.101022720336914,"z":0.7491865158081055},"rotation":{"x":-0.012320226989686489,"y":0.5932568907737732,"z":-0.009088356979191304,"w":-0.8048929572105408},"size":8.100748062133789,"orthographic":false}