{"cameraMode":{"drawMode":0,"name":"Shaded","section":"Shading Mode"},"sceneLighting":false,"audioPlay":false,"sceneViewState":{"showFog":true,"showMaterialUpdate":false,"showSkybox":false,"showFlares":true,"showImageEffects":true,"showParticleSystems":true},"in2DMode":false,"pivot":{"x":-1.4740538597106934,"y":1.6427688598632813,"z":0.8103039264678955},"rotation":{"x":-0.011603639461100102,"y":-0.5109968781471252,"z":-0.0068988804705441,"w":0.8594767451286316},"size":4.104467868804932,"orthographic":false}