{"cameraMode":{"drawMode":0,"name":"Shaded","section":"Shading Mode"},"sceneLighting":false,"audioPlay":false,"sceneViewState":{"showFog":true,"showMaterialUpdate":false,"showSkybox":false,"showFlares":true,"showImageEffects":true,"showParticleSystems":true},"in2DMode":false,"pivot":{"x":-1.4039099216461182,"y":1.2124841213226319,"z":3.5877933502197267},"rotation":{"x":-0.023611649870872499,"y":0.9589763879776001,"z":-0.08394112437963486,"w":-0.26974478363990786},"size":2.758453130722046,"orthographic":false}